epoch,action_accuracy,privacy_accuracy
1,20.91062366962433,4.384485259652138
